year,state_name,commodity,SRI,risk_category,yield_per_acre,recommendation,yield_risk,weather_risk,drought_risk,economic_risk
2025,ARIZONA - SUMMARY,ALL,8.3098967772282,Avg: 8.3,,,,,,
2025,ARIZONA,WHEAT,8.846199550866586,Low,113.0,Normal inventory,7.417713002475963,4.0,0.0,35.0
2025,ARIZONA,WHEAT,8.846199550866586,Low,113.0,Normal inventory,7.417713002475963,4.0,0.0,35.0
2025,ARIZONA,WHEAT,8.524417886683555,Low,114.0,Normal inventory,6.498336819095869,4.0,0.0,35.0
2025,ARIZONA,WHEAT,8.524417886683555,Low,114.0,Normal inventory,6.498336819095869,4.0,0.0,35.0
2025,ARIZONA,WHEAT,7.559072894134457,Low,117.0,Normal inventory,3.740208268955591,4.0,0.0,35.0
2025,ARIZONA,WHEAT,7.559072894134457,Low,117.0,Normal inventory,3.740208268955591,4.0,0.0,35.0
