year,state_name,commodity,SRI,risk_category,yield_per_acre,recommendation,yield_risk,weather_risk,drought_risk,economic_risk
2025,DELAWARE - SUMMARY,ALL,22.029103709746924,Avg: 22.0,,,,,,
2025,DELAWARE,SOYBEANS,26.47606992280737,Moderate,44.0,"Monitor closely, consider +5% stockpile",57.78877120802105,4.0,0.0,35.0
2025,DELAWARE,SOYBEANS,26.47606992280737,Moderate,44.0,"Monitor closely, consider +5% stockpile",57.78877120802105,4.0,0.0,35.0
2025,DELAWARE,CORN,23.171008492876435,Low,178.0,Normal inventory,48.345738551075534,4.0,0.0,35.0
2025,DELAWARE,CORN,22.44006446352135,Low,181.0,Normal inventory,46.257327038632425,4.0,0.0,35.0
2025,DELAWARE,CORN,22.44006446352135,Low,181.0,Normal inventory,46.257327038632425,4.0,0.0,35.0
2025,DELAWARE,SOYBEANS,20.160943444824618,Low,53.0,Normal inventory,39.74555269949891,4.0,0.0,35.0
2025,DELAWARE,WHEAT,17.53430448380846,Low,86.0,Normal inventory,32.24086995373845,4.0,0.0,35.0
2025,DELAWARE,WHEAT,17.53430448380846,Low,86.0,Normal inventory,32.24086995373845,4.0,0.0,35.0
