year,state_name,commodity,SRI,risk_category,yield_per_acre,recommendation,yield_risk,weather_risk,drought_risk,economic_risk
2025,GEORGIA - SUMMARY,ALL,21.967862407497012,Avg: 22.0,,,,,,
2025,GEORGIA,WHEAT,23.969937767469105,Low,66.0,Normal inventory,50.6283936213403,4.0,0.0,35.0
2025,GEORGIA,WHEAT,23.969937767469105,Low,66.0,Normal inventory,50.6283936213403,4.0,0.0,35.0
2025,GEORGIA,CORN,22.927360483091405,Low,179.0,Normal inventory,47.64960138026116,4.0,0.0,35.0
2025,GEORGIA,CORN,22.19641645373632,Low,182.0,Normal inventory,45.56118986781805,4.0,0.0,35.0
2025,GEORGIA,CORN,22.19641645373632,Low,182.0,Normal inventory,45.56118986781805,4.0,0.0,35.0
2025,GEORGIA,SOYBEANS,20.86262416460048,Low,52.0,Normal inventory,41.75035475600137,4.0,0.0,35.0
2025,GEORGIA,SOYBEANS,20.86262416460048,Low,52.0,Normal inventory,41.75035475600137,4.0,0.0,35.0
2025,GEORGIA,SOYBEANS,18.75758200527289,Low,55.0,Normal inventory,35.73594858649399,4.0,0.0,35.0
