year,state_name,commodity,SRI,risk_category,yield_per_acre,recommendation,yield_risk,weather_risk,drought_risk,economic_risk
2025,IOWA - SUMMARY,ALL,12.573177017968362,Avg: 12.6,,,,,,
2025,IOWA,CORN,13.18144009169023,Low,219.0,Normal inventory,19.80411454768637,4.0,0.0,35.0
2025,IOWA,CORN,13.18144009169023,Low,219.0,Normal inventory,19.80411454768637,4.0,0.0,35.0
2025,IOWA,SOYBEANS,13.144136247066005,Low,63.0,Normal inventory,19.6975321344743,4.0,0.0,35.0
2025,IOWA,CORN,12.45049606233514,Low,222.0,Normal inventory,17.71570303524326,4.0,0.0,35.0
2025,IOWA,SOYBEANS,11.740774807514285,Low,65.0,Normal inventory,15.687928021469382,4.0,0.0,35.0
2025,IOWA,SOYBEANS,11.740774807514285,Low,65.0,Normal inventory,15.687928021469382,4.0,0.0,35.0
