year,state_name,commodity,SRI,risk_category,yield_per_acre,recommendation,yield_risk,weather_risk,drought_risk,economic_risk
2025,LOUISIANA - SUMMARY,ALL,21.026002379283526,Avg: 21.0,,,,,,
2025,LOUISIANA,CORN,22.68371247330637,Low,180.0,Normal inventory,46.95346420944679,4.0,0.0,35.0
2025,LOUISIANA,CORN,22.19641645373632,Low,182.0,Normal inventory,45.56118986781805,4.0,0.0,35.0
2025,LOUISIANA,CORN,22.19641645373632,Low,182.0,Normal inventory,45.56118986781805,4.0,0.0,35.0
2025,LOUISIANA,SOYBEANS,20.160943444824618,Low,53.0,Normal inventory,39.74555269949891,4.0,0.0,35.0
2025,LOUISIANA,SOYBEANS,19.45926272504876,Low,54.0,Normal inventory,37.740750642996446,4.0,0.0,35.0
2025,LOUISIANA,SOYBEANS,19.45926272504876,Low,54.0,Normal inventory,37.740750642996446,4.0,0.0,35.0
