year,state_name,commodity,SRI,risk_category,yield_per_acre,recommendation,yield_risk,weather_risk,drought_risk,economic_risk
2025,OREGON - SUMMARY,ALL,21.77109639555172,Avg: 21.8,,,,,,
2025,OREGON,WHEAT,22.361029446553943,Low,71.0,Normal inventory,46.03151270443984,4.0,0.0,35.0
2025,OREGON,WHEAT,22.361029446553943,Low,71.0,Normal inventory,46.03151270443984,4.0,0.0,35.0
2025,OREGON,WHEAT,22.361029446553943,Low,71.0,Normal inventory,46.03151270443984,4.0,0.0,35.0
2025,OREGON,WHEAT,21.395684454004844,Low,74.0,Normal inventory,43.27338415429956,4.0,0.0,35.0
2025,OREGON,WHEAT,21.073902789821812,Low,75.0,Normal inventory,42.35400797091947,4.0,0.0,35.0
2025,OREGON,WHEAT,21.073902789821812,Low,75.0,Normal inventory,42.35400797091947,4.0,0.0,35.0
